fieldname,keyflag,redshift_datatype
record_date,,date
account_type,,varchar(100)
transaction_type,,varchar(50)
transaction_catg,,varchar(500)
transaction_catg_desc,,varchar(1000)
transaction_today_amt,,bigint
transaction_mtd_amt,,bigint
transaction_fytd_amt,,bigint
table_nbr,,varchar(20)
table_nm,,varchar(255)
src_line_nbr,,integer
record_fiscal_year,,integer
record_fiscal_quarter,,integer
record_calendar_year,,integer
record_calendar_quarter,,integer
record_calendar_month,,integer
record_calendar_day,,integer